Address Line One,Address Line Two
123 Main PrrPr EZLL,RM 97
WPD 123 Main st,""
XAR 123 Main st,""
123 Main Mdw KLLD,RM 80
123 Main Trks PWDZ,FL 81
DTK 123 Main st,""
RLN 123 Main st,""
123 Main Vly FXGJ,DEPARTMENT 11
RFH 123 Main st,""
FIQ 123 Main st,""
123 Main Rte EQXG,BUILDING 77
123 Main Exp FNBF,UNIT 4
KTL 123 Main st,""
SDC 123 Main st,""
WIR 123 Main st,""
ZWV 123 Main st,""
123 Main Hl OONI,RM 60
123 Main Vsta LWOL,FLOOR 80
123 Main Expwy MJIE,DEPARTMENT 48
RFO 123 Main st,""
URT 123 Main st,""
123 Main Cmns TAMZ,UNIT 11
TYU 123 Main st,""
FTC 123 Main st,""
OEF 123 Main st,""
UUY 123 Main st,""
123 Main Crcle AXYI,FL 10
FQF 123 Main st,""
123 Main Dm UDKL,APT 79
INW 123 Main st,""
DOH 123 Main st,""
OMR 123 Main st,""
123 Main Ldge GIAQ,RM 60
FUM 123 Main st,""
123 Main Ldg DPTH,DEPARTMENT 34
123 Main Vill WJZI,DEPARTMENT 26
IHW 123 Main st,""
KEJ 123 Main st,""
123 Main Rad YHHV,RM 88
123 Main Sq OKEX,ROOM 13
HGW 123 Main st,""
WMX 123 Main st,""
STY 123 Main st,""
DPA 123 Main st,""
AKW 123 Main st,""
123 Main Mdw VYYL,DEPARTMENT 66
UEN 123 Main st,""
123 Main Hbrs HKBP,APT 27
LWD 123 Main st,""
SYE 123 Main st,""
